{
  "network": "hardhat",
  "HomeFiProxy Contract Address": "0xa513E6E4b8f2a923D98304ec87F64353C4D5C853",
  "HomeFi ERC721 Contract Address": "0x440C0fCDC317D69606eabc35C0F676D1a8251Ee1",
  "Project Factory Contract Address": "0xF908e307066dA7a10B7A0353200e9ae39351744f",
  "Community Contract Address": "0x80E2E2367C5E9D070Ae2d6d50bF0cdF6360a7151",
  "Disputes Contract Address": "0x0433d874a28147DB0b330C000fcC50C0f0BaF425",
  "HomeFi Wrapped Ether ERC20 Address": "0xf68134a7E6C088c6C0fEf04a2997d43C4d90bC5b",
  "HomeFi Wrapped Dai ERC20 Address": "0x16E7D0bf530D2A8da712c2D9f0494d16889AE0Fc",
  "HomeFi Wrapped USDC ERC20 Address": "0xA1Cc19e48ecEb082F3ea6AE2C8D3BC63a331C128",
  "Task Library Address": "0x5FbDB2315678afecb367f032d93F642f64180aa3",
  "Block Number": "19"
}